url_path,views_total,views_unique
/aoliver44/taxaHFE,19,8
/aoliver44/taxaHFE/tree/github-repo-stats/aoliver44/taxaHFE,9,5
/aoliver44/taxaHFE/tree/main,8,3
/aoliver44/taxaHFE/blob/main/taxahfe.md,7,4
/aoliver44/taxaHFE/tree/main/example_inputs,6,3
/aoliver44/taxaHFE/releases/tag/v2.3.3,5,2
/aoliver44/taxaHFE/tree/github-repo-stats/aoliver44/taxaHFE/latest-report,3,3
/aoliver44/taxaHFE/blob/main/dietml.md,3,2
/aoliver44/taxaHFE/blob/main/example_inputs/metadata.txt,3,2
/aoliver44/taxaHFE/blob/main/example_inputs/metadata_time.txt,3,2
